year,Cleaniness,Cleaniness_POS,Cleaniness_NEG,CleaninessNumbers,Amenities,Amenities_POS,Amenities_NEG,AmenitiesNumbers,Services,Services_POS,Services_NEG,ServicesNumbers,Value,Value_POS,Value_NEG,ValueNumbers,Location,Location_POS,Location_NEG,LocationNumbers,General,General_POS,General_NEG,GeneralNumbers
2017,73.42000000000002,56.080000000000005,,1/1,0,0,0,0/0,0,0,0,0/0,0,0,0,0/0,0,0,0,0/0,0,0,0,0/0
2018,45.4,,17.2,0/1,67.78090277777778,50.32847222222222,,2/2,62.4696377485752,42.13033532049051,,30/30,67.13639550264551,48.08155423280423,,4/4,66.49582955404384,49.922649281934994,,7/7,64.68056794131793,50.37016203703704,28.54545454545455,4/5
2019,62.8949074074074,40.871296296296286,,1/1,76.57142857142857,68.0,,1/1,64.20145654684059,45.679268203533674,34.761904761904766,25/26,43.670833333333334,15.908333333333331,,1/1,65.66851851851852,48.5962962962963,,2/2,0,0,0,0/0
2020,0.0,0.0,0.0,0/0,0,0,0,0/0,65.67639408944964,47.767956631845514,,9/9,0,0,0,0/0,60.41666666666667,36.16666666666667,,1/1,77.01020408163265,60.755102040816325,,1/1
2021,59.091698232323225,40.82877886002886,,2/2,63.927168361957584,44.10198744211489,,5/5,61.158923264386544,41.74677570104274,29.23333333333333,27/29,63.89818594104308,44.54206349206349,,2/2,0,0,0,0/0,59.738754895897756,45.03050917336632,25.222222222222225,2/3
2022,0.0,0.0,0.0,0/0,0,0,0,0/0,61.141916864082646,41.974726215716615,31.9728835978836,21/22,55.36086309523809,32.95684523809524,,2/2,72.91666666666666,55.16666666666667,,1/1,0,0,0,0/0
2023,0.0,0.0,0.0,0/0,72.51392736892737,57.527173160173156,,30/30,65.7667954708254,48.26421372156267,24.23726851851852,112/116,59.58853695324284,37.87993966817497,,2/2,61.3266571969697,55.33787878787878,19.255208333333332,2/3,64.9104697238675,46.43346172953264,,10/10
General,59.979660774410775,,,4/5,71.2417604474893,,,38/38,64.14695590419367,,,224/232,60.90105339299668,,,11/11,65.29436777425616,,,13/14,64.67021082708372,,,17/19
