year,Cleaniness,Cleaniness_POS,Cleaniness_NEG,CleaninessNumbers,Amenities,Amenities_POS,Amenities_NEG,AmenitiesNumbers,Services,Services_POS,Services_NEG,ServicesNumbers,Value,Value_POS,Value_NEG,ValueNumbers,Location,Location_POS,Location_NEG,LocationNumbers,General,General_POS,General_NEG,GeneralNumbers
2017,68.86666666666667,50.06666666666666,,1/1,0,0,0,0/0,67.0,52.0,,1/1,57.11680813844275,33.003725227763695,,2/2,62.13321938478189,40.94592594905095,,4/4,0,0,0,0/0
2018,57.5887571193331,37.65370177080385,28.24303880070547,17/22,61.65778919735371,41.66900654908038,17.78571428571429,32/33,60.01126918280828,41.49016601246635,27.53247577075702,51/59,58.54321175617302,39.54647640586299,20.79659645909646,35/41,61.00907135983223,39.351007560262275,,50/50,61.86292084760835,44.09266780567917,30.325877825877825,33/37
2019,59.14730485109271,37.51723683608582,23.83189033189033,26/29,60.87003339678281,41.65666198565582,19.539285714285715,33/36,59.91829186239046,39.23498777735139,24.998804112554115,91/96,57.76508808637091,37.88287749519,35.16770833333334,30/34,59.87131735184433,38.38870446927011,29.64,47/48,62.72674835410427,44.64852000881574,32.980535714285715,42/46
2020,52.50235615079365,28.203637566137566,27.000000000000004,3/4,59.63508470695972,34.734455128205134,,3/3,59.23466229499416,40.61131372934849,35.02138888888888,15/17,57.44882852408364,35.33027273180335,,7/7,67.91399711399711,51.16450216450217,,2/2,65.67984896713862,47.63376809488589,,4/4
2021,0.0,0.0,0.0,0/0,55.16666666666667,35.666666666666664,,1/1,57.822615664758516,35.338763247334676,,6/6,0.0,0.0,0.0,0/0,45.263888888888886,,17.13888888888889,0/1,0,0,0,0/0
2022,53.509296991588656,32.99003391670058,38.22936507936508,5/8,66.899077026644,55.56366650132276,48.0,6/7,60.32413223447809,40.55911765260555,22.853703703703705,29/31,62.61303616522367,42.911709054834056,,6/6,60.70352835436168,39.75358736942071,,5/5,55.06851438492063,33.18945105820106,29.84761904761905,6/8
2023,56.8268011964887,40.886856608738654,29.845037878787878,14/19,61.2590902830635,40.886232421678855,,14/14,61.48367037371621,43.080034778527974,24.237481962481965,85/92,56.46649395318144,35.295132828624844,0.0,25/27,60.20712766707426,40.41673704319301,33.56237373737374,19/21,62.41702721490179,45.36965708859401,28.740972222222226,26/29
General,57.45643599087774,,,66/83,61.55341457163613,,,89/94,60.39831664645476,,,278/302,57.95669783429416,,,105/117,60.47151820088945,,,127/131,61.997740288954645,,,111/124
