year,Cleaniness,Cleaniness_POS,Cleaniness_NEG,CleaninessNumbers,Amenities,Amenities_POS,Amenities_NEG,AmenitiesNumbers,Services,Services_POS,Services_NEG,ServicesNumbers,Value,Value_POS,Value_NEG,ValueNumbers,Location,Location_POS,Location_NEG,LocationNumbers,General,General_POS,General_NEG,GeneralNumbers
2017,0,0,0,0/0,0,0,0,0/0,0,0,0,0/0,0,0,0,0/0,62.5,42.57142857142857,,1/1,57.56944444444444,34.35111111111111,,2/2
2018,51.28236607142857,24.921874999999996,,1/1,61.553583946090434,41.082037667734035,,17/17,64.48244806897318,46.07949233028995,30.553333333333338,13/14,64.13412768365893,43.443370853683355,,6/6,63.585625400833734,43.25899931858265,,10/10,61.02898749109687,39.77357158942637,,12/12
2019,52.98352356968428,39.74583333333334,26.059959881388455,1/2,65.79094154806663,47.269110476779574,,20/20,59.50375558524395,38.62128415994947,27.830687830687836,37/39,61.876170285991904,41.05093339755911,,17/17,61.293780534194624,40.26783184718427,,18/18,61.31467624348007,43.95330441703305,23.7993567251462,21/24
2020,0,0,0,0/0,61.95197467876039,42.51515495086924,,6/6,67.33079365079365,50.84285714285714,,5/5,0,0,0,0/0,55.47310004810005,34.5902356902357,,2/2,65.290625,47.39375,,2/2
2021,46.01167200854701,17.1,24.969017094017097,1/2,66.87572077063149,49.88920479836155,24.83809523809524,18/19,57.338626473135804,40.82415461691646,25.439685808231754,26/37,63.770450680272106,42.923554421768706,,2/2,63.123500566893426,42.58136621315193,,7/7,60.86187562724571,44.71711565321192,20.554761904761907,11/13
2022,0,0,0,0/0,63.977173407943425,45.282336357382455,,9/9,61.00875607931164,46.23207801115208,28.671296296296298,9/12,58.894658521303256,36.767825814536344,,4/4,45.93452380952381,17.559523809523814,,1/1,57.76103993228992,40.151591117216114,25.888888888888893,4/5
2023,60.245535714285715,61.375,25.46428571428572,1/2,66.20878557619629,47.35309589220304,,9/9,59.53966854435036,41.751199591797885,0.0,12/13,58.54820767195768,37.33429894179894,,5/5,59.12029506951382,37.33763892357643,,3/3,60.30769230769231,41.38461538461539,,1/1
General,52.823404093780375,,,4/7,64.70317414520859,,,79/80,59.89753877148688,,,102/120,61.5458892579224,,,34/34,61.375009921579995,,,42/42,60.84639819913404,,,53/59
