year,Cleaniness,Cleaniness_POS,Cleaniness_NEG,CleaninessNumbers,Amenities,Amenities_POS,Amenities_NEG,AmenitiesNumbers,Services,Services_POS,Services_NEG,ServicesNumbers,Value,Value_POS,Value_NEG,ValueNumbers,Location,Location_POS,Location_NEG,LocationNumbers,General,General_POS,General_NEG,GeneralNumbers
2017,48.31875,20.0375,,1/1,66.74531853948521,48.053788495455166,,9/9,61.90448034069957,41.47343629928116,30.280303030303028,23/24,57.81261306255106,38.164252467990565,20.568501984126986,10/12,63.250971591562624,42.01756458869231,,16/16,66.3549352572681,48.2698782995072,,16/16
2018,56.70037407037407,39.04008954008954,31.433333333333337,3/5,64.60821038752414,45.61355165335065,,31/31,63.39880421374732,43.641570813855736,26.280303030303035,73/74,60.97306935844139,40.82710152925778,20.333333333333336,20/21,61.95485252865022,42.13464164397941,25.84,65/66,61.00620787446681,40.345553662607244,,26/26
2019,62.56654086151369,42.64921928916495,,6/6,63.9325384905602,44.01909662104772,,27/27,62.42145350291442,42.94947158484983,18.39460317460318,30/31,62.267339678522276,44.29549235919558,25.0,11/12,60.51789855315056,40.25893233620573,27.685185185185187,41/42,65.74862530383128,48.129785559558286,22.365,15/16
2020,0.0,0.0,0.0,0/0,63.606820818070815,44.978281440781444,,6/6,63.577715558445604,43.700157249768594,,15/15,61.92385361552029,41.697266313932985,,3/3,55.90468788156288,33.26575574888075,26.25,6/7,60.89196428571428,40.577579365079366,,2/2
2021,56.12380952380953,28.609523809523814,,1/1,65.89381613756615,48.27376228269086,,8/8,62.27866176514635,43.230965559736205,25.744444444444444,29/30,62.42857142857143,45.71428571428571,,1/1,60.90180947524698,39.58831203518704,,11/11,63.887103174603176,43.26746031746032,,3/3
2022,60.131177079093746,37.871300747863245,34.666666666666664,8/9,63.60791740032667,44.39924948334223,,31/31,63.655840791669476,44.5519481013611,19.159259259259255,47/48,56.13443659515089,33.71566806209664,23.500000000000004,4/5,61.72950736480658,41.120905159528064,,43/43,66.33168293941932,47.71622015453174,,26/26
2023,62.650582184255654,41.922821543535825,,14/14,65.99073239831115,47.4082027531012,,69/69,63.52353557247975,43.93147576665828,,101/101,58.600500128178695,36.45917805739234,,14/14,63.119179019745374,43.09694233935082,,91/91,65.69598423008206,47.001317730505136,,53/53
General,60.600900537116246,,,33/36,64.9930295967751,,,181/181,63.175440048718585,,,318/323,59.86284127155203,,,63/68,61.9646897770667,,,273/276,64.92798966498744,,,141/142
