year,Cleaniness,Cleaniness_POS,Cleaniness_NEG,CleaninessNumbers,Amenities,Amenities_POS,Amenities_NEG,AmenitiesNumbers,Services,Services_POS,Services_NEG,ServicesNumbers,Value,Value_POS,Value_NEG,ValueNumbers,Location,Location_POS,Location_NEG,LocationNumbers,General,General_POS,General_NEG,GeneralNumbers
2021,0,0,0,0/0,0,0,0,0/0,0,0,0,0/0,0,0,0,0/0,0,0,0,0/0,63.4375,43.625,,1/1
2022,55.44455801317515,36.24738734090127,21.014790764790767,7/9,67.86246535860627,51.37559468839503,33.33333333333333,158/159,63.94674321926866,47.4581392125452,35.70729316318602,161/175,59.138924817937465,38.64515715321383,26.5,16/17,62.93149774308033,43.11117504073307,,24/24,63.65106347127952,48.00858099847683,26.412383090160866,24/27
2023,60.442534045815286,41.5654485930736,34.16755952380953,10/12,68.26348864608951,52.36112864528472,14.438257575757575,216/220,66.3012647858705,49.38823429758679,29.90132703716037,243/252,57.386727318011665,37.432817053677454,17.344324194324194,22/26,66.5384913607145,48.733675141663085,,28/28,64.99614021302163,48.490343094890136,26.088907521050377,42/46
General,58.30054431754095,,,17/21,68.09524932495538,,,374/379,65.33629693070581,,,404/427,58.07945656216836,,,38/43,64.87372507565257,,,52/52,64.48430626383164,,,67/74
