year,Cleaniness,Cleaniness_POS,Cleaniness_NEG,CleaninessNumbers,Amenities,Amenities_POS,Amenities_NEG,AmenitiesNumbers,Services,Services_POS,Services_NEG,ServicesNumbers,Value,Value_POS,Value_NEG,ValueNumbers,Location,Location_POS,Location_NEG,LocationNumbers,General,General_POS,General_NEG,GeneralNumbers
2016,0,0,0,0/0,0,0,0,0/0,0,0,0,0/0,65.9090909090909,44.90909090909091,,1/1,0,0,0,0/0,0,0,0,0/0
2017,54.21400641025642,40.650000000000006,29.791666666666657,1/2,65.14165435875141,46.03708683733654,,33/33,64.83390479129281,46.080973295416,,12/12,65.45503357753358,45.29758241758242,,6/6,62.3233732334308,41.774359049906515,,8/8,62.901459991911395,42.56573152560256,,18/18
2018,0,0,0,0/0,0,0,0,0/0,59.314814814814824,38.1005291005291,,1/1,67.60335884353742,47.138690476190476,,2/2,65.52520651862757,46.73205887679572,,3/3,67.64265422077922,48.94375,,2/2
2019,62.653598985890646,42.62229938271605,,3/3,63.764047534102296,44.28758073546032,,41/41,60.30361784623185,39.44269527136433,,17/17,61.467826322448175,37.90223596509311,,7/7,64.41075372478196,44.40358833367331,,24/24,64.57035704805837,44.618812674403586,,28/28
2020,63.09375,33.1875,,1/1,74.0,61.860544217687064,,3/3,61.26312716657546,41.20579273855137,,3/3,57.11997974537037,33.48625578703704,,2/2,0,0,0,0/0,59.7822095959596,41.31049719130077,29.424999999999997,4/5
2021,58.20848139129389,35.20997582113654,,6/6,66.042104754586,47.69900704949521,,28/28,61.38285665173668,42.82814694900803,19.895505189255193,83/89,57.448611111111106,32.317857142857136,,3/3,64.94673295454545,43.94460227272728,,1/1,67.16311882562866,49.654819373419244,,33/33
2022,56.20989177489178,36.66814484126984,22.12351851851852,8/11,66.50165982547298,50.115422975943815,30.836666666666666,45/47,60.57375848618909,41.85017041321686,27.954761904761902,47/53,54.085430161647984,32.12136904761905,33.37464985994398,5/8,63.666978308728304,43.53025079417936,,15/15,62.90156947807983,44.081176127782,27.0,33/35
2023,58.98170244107744,39.58155363155363,30.526936026936028,7/8,66.99810563410455,48.70607390741374,,45/45,63.87514872669847,44.73872093955427,23.6,27/28,59.74190144346393,37.38979088041588,,11/11,61.82445183240369,45.40399097623498,6.5555555555555545,28/31,64.50618734667742,46.44943653138421,51.746212121212125,43/45
General,58.028899263818616,,,26/31,65.86635655430119,,,195/197,61.61704513948837,,,190/203,60.013773607846645,,,37/40,63.140611087903416,,,79/82,64.42836697108686,,,161/166
