year,Cleaniness,Cleaniness_POS,Cleaniness_NEG,CleaninessNumbers,Amenities,Amenities_POS,Amenities_NEG,AmenitiesNumbers,Services,Services_POS,Services_NEG,ServicesNumbers,Value,Value_POS,Value_NEG,ValueNumbers,Location,Location_POS,Location_NEG,LocationNumbers,General,General_POS,General_NEG,GeneralNumbers
2017,0,0,0,0/0,0,0,0,0/0,0,0,0,0/0,64.66666666666667,45.52380952380952,,1/1,0,0,0,0/0,0,0,0,0/0
2018,59.4612148962149,38.06335775335776,,3/3,61.14582264957266,42.22423382173382,,13/13,62.0931951647047,41.763004226554656,22.926666666666673,23/24,55.61024144558077,32.661923214120556,26.153409090909093,18/19,60.09803080918394,38.85357059972191,10.999999999999998,30/31,61.61279239345626,41.28519606169128,,11/11
2019,61.12312321937322,42.48552469135802,16.895833333333336,12/13,63.21974769871349,44.123161831300436,54.98214285714286,54/55,62.42616478893554,42.902089326749085,24.34594356261023,100/103,59.553267677772794,39.27596770533661,20.680555555555554,51/53,60.335055722326445,39.625088254143236,0.0,57/58,63.37028985905428,45.05110388758377,23.669618055555556,45/47
2020,55.90901142508285,32.508638583638586,,2/2,63.02432699575556,43.793095528809815,,8/8,62.9984316643324,42.884089052287585,,17/17,60.633081627968,40.67262085137086,17.04761904761905,10/11,59.906200074726854,37.55907535633301,,7/7,67.07022537647538,49.75149063899064,,6/6
2021,65.98410364145658,46.85331465919701,,4/4,66.99642857142858,49.28571428571429,,5/5,64.10863302733249,44.969464308292395,,26/26,0.0,0.0,0.0,0/0,0,0,0,0/0,62.47003968253969,41.77055555555556,,5/5
2022,57.10297713717707,35.70035752117043,38.779581529581534,18/21,65.65150844525844,47.00743344346286,,17/17,62.890886183761744,44.80546250225984,23.81857617690951,87/93,61.838643794653535,41.235835287053824,,23/23,63.01638626183217,43.816613040767905,24.34656084656085,26/27,66.0141678068985,47.64428648564535,,25/25
2023,59.370625000000004,41.56388888888889,23.000000000000007,3/4,68.54659445849046,53.85073913561637,40.770408163265316,16/17,63.628047725477785,44.51403633298008,40.942857142857136,49/50,59.74351213023088,39.17897952741703,,8/8,61.26529167882902,40.70683146071069,,20/20,63.929750187516724,47.36973384364505,23.77777777777778,13/14
General,59.26348306036611,,,42/47,64.2828376179183,,,113/115,62.90154714243226,,,302/313,59.51987168070596,,,111/115,60.899047903138275,,,140/143,64.03969063122979,,,105/108
