year,Cleaniness,Cleaniness_POS,Cleaniness_NEG,CleaninessNumbers,Amenities,Amenities_POS,Amenities_NEG,AmenitiesNumbers,Services,Services_POS,Services_NEG,ServicesNumbers,Value,Value_POS,Value_NEG,ValueNumbers,Location,Location_POS,Location_NEG,LocationNumbers,General,General_POS,General_NEG,GeneralNumbers
2020,56.521609871609876,32.93387538387539,,4/4,59.43381368172269,38.3945181197479,,4/4,63.58733516034435,44.50955344104762,,50/50,44.192708333333336,,21.927083333333336,0/1,54.82552632552633,35.4931895485467,36.73611111111111,2/3,66.22853332329436,46.99008044651427,,4/4
2021,52.909803638821494,28.636557424057425,19.591836734693878,9/10,65.01878491339605,45.82562264957265,25.437500000000004,25/26,63.717079663028215,44.83672253392372,28.73958333333333,106/108,60.65636212152447,38.69299254831,35.29166666666667,9/11,51.00772707231041,26.58190035273369,,3/3,67.2360283532605,49.6446836562908,,7/7
2022,62.06896900633531,43.50587068160598,22.060606060606062,10/11,64.28936107441602,46.099469922669925,34.0,25/26,63.890457406986734,44.947532925978024,,55/55,55.738671436588106,31.48968454385121,,6/6,61.249885385753956,41.316491305875495,,13/13,67.37826266017308,50.109155206953794,,12/12
2023,57.01008597883599,34.12325396825398,35.114603174603175,5/6,64.61632987029688,46.37651809931323,,24/24,65.9923802533963,48.02157255534156,21.533333333333335,60/61,56.77455102767603,34.97311508597223,21.38461538461539,7/8,65.45777510906898,46.64298746864168,,19/19,66.20833969239351,52.23968513257576,33.07820353835979,16/18
General,57.41947260701158,,,28/31,64.38173709121412,,,78/80,64.23475078272156,,,271/274,57.693889558116894,,,22/26,62.03805256001636,,,37/38,66.72818532076003,,,39/41
