year,Cleaniness,Cleaniness_POS,Cleaniness_NEG,CleaninessNumbers,Amenities,Amenities_POS,Amenities_NEG,AmenitiesNumbers,Services,Services_POS,Services_NEG,ServicesNumbers,Value,Value_POS,Value_NEG,ValueNumbers,Location,Location_POS,Location_NEG,LocationNumbers,General,General_POS,General_NEG,GeneralNumbers
2021,59.646361054677946,38.51551319092986,14.111111111111112,37/38,62.29987494911646,43.495142403801125,25.143996743996745,40/43,58.60105577688431,38.31656270803614,23.375595238095237,59/67,57.98325110983787,36.880767959021135,21.444444444444443,47/50,55.309812813283216,35.15234837092732,18.92529761904762,10/12,59.99568614543794,42.3141830258818,30.16593162393162,28/33
2022,56.381907004240645,34.2567119140308,28.617931557298075,70/83,62.31475475530121,42.73964383368492,25.963822751322752,82/86,60.545882536828316,40.279832926167956,32.568518518518516,86/92,59.45847573237166,38.82985786404383,23.386458874458878,91/96,60.58270460348821,40.06243266892301,21.96527777777778,63/65,62.15332240512981,43.59241425096131,35.674503968253966,43/47
2023,57.66003489839956,34.59613797377165,38.0,36/37,64.16400827005886,44.66631057456652,,60/60,61.4212103344982,41.603739312935744,31.270523313492067,50/54,59.25446519338125,39.20638979265876,28.413131313131316,56/62,58.99587793339218,37.043637700345286,,40/40,64.11703082398903,45.03045089293013,28.083333333333336,43/44
General,57.46633729538303,,,143/158,62.89843401043092,,,182/189,60.15604360799229,,,195/213,59.04304359514043,,,194/208,59.49939034463094,,,113/117,62.275912516903794,,,114/124
