year,Cleaniness,Cleaniness_POS,Cleaniness_NEG,CleaninessNumbers,Amenities,Amenities_POS,Amenities_NEG,AmenitiesNumbers,Services,Services_POS,Services_NEG,ServicesNumbers,Value,Value_POS,Value_NEG,ValueNumbers,Location,Location_POS,Location_NEG,LocationNumbers,General,General_POS,General_NEG,GeneralNumbers
2018,0,0,0,0/0,61.923148148148144,41.23148148148148,,2/2,66.39500000000001,46.61,,1/1,0,0,0,0/0,0,0,0,0/0,73.625,58.25,,1/1
2019,70.16570512820513,54.46987179487179,,4/4,67.66916308424588,51.09766122676493,31.41666666666667,50/51,61.32722070450361,43.134978663346786,15.32295918367347,71/77,63.17266329520625,43.06044912571811,,14/14,65.2485451386246,47.271590920997554,23.98611111111111,24/25,66.55660081357183,49.63607070958932,29.416666666666664,30/31
2020,54.8979457271124,31.402593394260066,,4/4,65.16736042648617,46.60255739371466,,38/38,63.05418867335151,45.20099097711747,23.291774247577823,80/86,59.9874766549277,39.25462588063257,25.53333333333333,18/19,63.47384105092438,43.09622445455779,,12/12,61.986846264846264,43.76438497400036,20.404166666666665,13/15
2021,71.41342592592594,54.1973544973545,,2/2,63.250996457512265,44.0792533288373,,39/39,61.863246187786345,42.17152908211335,26.32314814814815,127/130,57.91838707397088,36.724570017749926,17.81818181818182,16/17,50.01547619047619,20.02619047619048,,1/1,60.48993768523122,39.77597006535499,,18/18
2022,65.35833333333333,49.57380952380953,,1/1,65.28915708032119,46.71634952590273,,44/44,60.8170148706037,42.38132508315535,25.84073526317643,92/105,57.05147147179953,34.288301652298976,30.140707671957678,11/13,59.86003767632594,40.2257884542706,29.030303030303035,6/7,60.41152814533996,41.644568404751666,35.83333333333334,17/18
2023,52.74236111111111,29.113095238095237,25.19107142857143,2/3,66.60295038419143,49.550538136706464,66.01058201058201,52/53,63.15231073467256,45.04088314121411,24.53338827838828,93/98,61.130099023875296,41.03519489963818,,11/11,61.41238793477763,40.44921247563711,,16/16,62.703590444496285,42.695773285745275,42.195238095238096,33/34
General,61.90477656712775,,,13/14,65.73040287902452,,,225/227,62.028543738387384,,,464/497,59.76881271932487,,,70/74,63.025142097670624,,,59/61,63.03274170304765,,,112/117
