year,Cleaniness,Cleaniness_POS,Cleaniness_NEG,CleaninessNumbers,Amenities,Amenities_POS,Amenities_NEG,AmenitiesNumbers,Services,Services_POS,Services_NEG,ServicesNumbers,Value,Value_POS,Value_NEG,ValueNumbers,Location,Location_POS,Location_NEG,LocationNumbers,General,General_POS,General_NEG,GeneralNumbers
2021,65.26445406445407,49.34814574314574,33.106818181818184,5/6,70.1267457740672,54.537881364667086,,6/6,62.56206530886563,44.85774933441593,25.20767195767196,30/33,64.98563492063491,46.39253968253968,,5/5,57.42592592592593,34.8941798941799,,3/3,64.69293064333172,45.668914893781206,,11/11
2022,60.001902637840644,40.739055287551615,7.0,33/35,67.01405673507685,49.73373745168304,23.517857142857146,106/107,64.87862146068106,47.07004698186458,27.281157557720057,340/350,61.65646325850609,41.8473879408752,44.45,57/58,64.52270303776675,46.48263260347698,11.944444444444448,73/74,65.02308129806146,47.99029205768496,41.653055555555554,76/81
2023,65.28861720272904,44.83912524366472,,6/6,69.22318357479607,53.05442076604072,,33/33,65.57623253381354,47.65908609430301,26.95275403608737,147/150,66.04520027402941,48.103656290323286,,19/19,66.22405576505463,47.78865268382074,,40/40,65.7643546075401,46.586781785549164,,35/35
General,61.3486174452664,,,44/47,67.64129865250614,,,145/146,64.9315207251463,,,517/533,62.87636400979373,,,81/82,64.92239344593763,,,116/117,65.19877349199629,,,122/127
