year,Cleaniness,Cleaniness_POS,Cleaniness_NEG,CleaninessNumbers,Amenities,Amenities_POS,Amenities_NEG,AmenitiesNumbers,Services,Services_POS,Services_NEG,ServicesNumbers,Value,Value_POS,Value_NEG,ValueNumbers,Location,Location_POS,Location_NEG,LocationNumbers,General,General_POS,General_NEG,GeneralNumbers
2018,0,0,0,0/0,0,0,0,0/0,0,0,0,0/0,50.8888888888889,24.555555555555557,,1/1,0,0,0,0/0,0,0,0,0/0
2019,0,0,0,0/0,64.0299581595166,43.86625774372833,,36/36,64.78420709363007,45.66822753734008,15.883333333333333,45/46,59.92988239458903,37.24060681748006,,16/16,57.47825490196078,40.44386928104576,14.428571428571432,3/4,61.725112404232725,41.287474675651154,,22/22
2020,70.03059895833333,53.99036458333333,,2/2,65.17873657073605,46.51368734216392,30.050000000000004,46/47,63.05481744704952,42.715464156208576,31.444444444444446,91/92,57.68380043792904,35.64105753307691,13.378472222222225,37/38,57.33371315759071,35.92983834846472,21.200000000000003,13/14,64.47322830392503,45.1837309461595,,39/39
2021,0,0,0,0/0,65.58141179862464,47.51652903426387,,42/42,64.12748611421486,45.521575619048086,17.469907407407405,114/116,58.75501006757517,37.065837774301315,,8/8,64.93598320871048,46.48256591892955,,11/11,67.18700082254057,50.08472356269873,,46/46
2022,54.50925925925927,28.648148148148152,,1/1,64.96188180500165,46.23415454391047,,42/42,64.5026312110627,45.94923929812146,25.795774711399712,98/102,59.610076693178414,42.149962303973496,37.04805555555556,19/24,69.50702282565919,53.580712317985046,,11/11,68.84722942182694,51.91231402511589,,37/37
2023,61.29308390022676,42.287301587301585,,2/2,65.05175645952835,46.54238018561827,14.770562770562771,66/67,62.68856437935498,44.014091197337336,23.441391941391945,60/64,60.08115621136124,38.463590429580236,22.333333333333343,26/27,65.36458227101416,46.7328191399244,,13/13,66.09341671621179,47.17253623016406,,46/46
General,63.43132499527589,,,5/5,64.99899626798248,,,232/234,63.836289582122795,,,408/420,58.98793476076537,,,107/114,63.41882339085593,,,51/53,66.05607932703369,,,190/190
