year,Cleaniness,Cleaniness_POS,Cleaniness_NEG,CleaninessNumbers,Amenities,Amenities_POS,Amenities_NEG,AmenitiesNumbers,Services,Services_POS,Services_NEG,ServicesNumbers,Value,Value_POS,Value_NEG,ValueNumbers,Location,Location_POS,Location_NEG,LocationNumbers,General,General_POS,General_NEG,GeneralNumbers
2018,0,0,0,0/0,74.245,58.650000000000006,,1/1,69.76031746031745,51.782222222222224,,3/3,0,0,0,0/0,63.35448717948718,43.25256410256411,,1/1,0,0,0,0/0
2019,59.08712293581519,42.43478617200796,25.392857142857142,6/8,65.94820110761563,48.198172004043165,,45/45,63.10673984698172,44.20570334528561,25.563492063492063,133/135,56.17301226551226,35.3999053030303,37.0,8/9,63.80115201314384,44.258074490667546,,41/41,67.32681021705244,49.92294287545445,,36/36
2020,56.206082203615104,34.626041666666666,27.008771929824565,2/3,64.6103906282107,45.49127778027433,,17/17,62.414340924614834,43.12735039297575,24.560046620046624,137/142,57.48553071157238,35.17862620404287,,6/6,69.04940195606864,51.59281718606281,,9/9,62.87463542045605,44.937115009480664,29.757575757575758,19/20
2021,63.901849246432576,45.056903559403565,,9/9,62.9685476584399,43.753077470103335,,29/29,62.67255433876649,43.475330681493915,27.26715811965812,170/178,63.17791888666889,43.08561287003595,,13/13,59.64195018137726,38.3990959696168,,12/12,65.32817864321912,47.097187251569835,,26/26
2022,57.55735945767195,42.010143849206344,34.307430555555555,8/12,61.30006940378061,42.611692343480094,40.18765432098766,18/19,60.28736833557532,42.916722946453284,29.47685049019608,47/55,60.921622140719364,39.532250748222964,,9/9,62.73655133928571,43.286427895021646,,16/16,59.61651772960485,46.95375794151836,32.59014550264551,8/11
2023,59.740602590985404,39.601537164610086,38.96666666666667,9/10,65.5036066454042,50.95739595096932,27.111954365079367,24/27,63.34071095690296,45.31949289871966,16.306878306878307,48/50,60.40469319040748,38.07923452209167,,7/7,63.464515860297105,43.03306662087912,,24/24,62.19545087742034,47.91350082707952,28.64306370464853,14/18
General,59.63157649326614,,,34/42,64.49041500517963,,,134/138,62.57563538476201,,,538/563,60.066152086024246,,,43/44,63.52701885024497,,,103/103,64.46027325915249,,,103/111
