year,Cleaniness,Cleaniness_POS,Cleaniness_NEG,CleaninessNumbers,Amenities,Amenities_POS,Amenities_NEG,AmenitiesNumbers,Services,Services_POS,Services_NEG,ServicesNumbers,Value,Value_POS,Value_NEG,ValueNumbers,Location,Location_POS,Location_NEG,LocationNumbers,General,General_POS,General_NEG,GeneralNumbers
2018,0,0,0,0/0,63.75486061602539,44.93049391895983,,8/8,64.10155276481129,45.60663792350445,24.76190476190476,13/14,59.11227678571429,37.563839285714295,,1/1,63.13577216434359,44.473567702139135,,10/10,61.296367946268084,40.22804283661897,,8/8
2019,58.99740502952909,38.58873649333471,25.4457671957672,16/19,66.88654905779023,49.734114899964766,30.055555555555554,143/146,63.67503313073923,44.278033018873515,27.554334554334556,220/223,60.055468946984206,39.27189639852239,17.590828924162253,34/35,63.49767098759746,44.03382066545595,,108/108,66.76132898950421,50.034870824297954,0.0,66/67
2020,65.65181389123697,45.482720484643565,,2/2,65.40413612069662,46.88528533783346,,27/27,61.48882788939014,43.8514456073312,22.64135802469136,34/37,52.974797574233854,28.355317912560672,22.592592592592588,6/7,61.87093823400572,43.59252876487295,27.874458874458877,9/10,64.96655111581794,46.40375474151917,,13/13
2021,0,0,0,0/0,0.0,0.0,0.0,0/0,76.57842261904761,64.14494047619047,,2/2,0.0,0.0,0.0,0/0,0.0,0.0,0.0,0/0,0.0,0.0,0.0,0/0
2022,59.56699546485262,40.73982214097761,30.977777777777778,4/5,64.68880676347206,46.06087291618968,18.42857142857143,30/31,60.99500920075928,42.74231489763663,28.316283181838738,54/60,54.765339506172836,30.53907407407408,,3/3,60.32852110852111,40.85818588378112,22.927777777777777,12/13,65.35532020108319,47.482444716178485,,11/11
2023,61.26335978835979,40.617724867724874,,3/3,67.86443093009069,50.87139418413021,,27/27,65.22772441681946,47.672351437012644,24.998015873015877,53/55,59.58306295275992,37.59953678196103,,11/11,62.43509285726496,42.591552531451654,30.620000000000005,20/21,65.92725816481499,46.91409316693408,,11/11
General,59.788944139064455,,,25/29,66.41604250307418,,,236/240,63.35703145997882,,,377/392,58.79977164822239,,,55/57,62.982859846033065,,,159/162,65.92775920361308,,,109/110
