year,Cleaniness,Cleaniness_POS,Cleaniness_NEG,CleaninessNumbers,Amenities,Amenities_POS,Amenities_NEG,AmenitiesNumbers,Services,Services_POS,Services_NEG,ServicesNumbers,Value,Value_POS,Value_NEG,ValueNumbers,Location,Location_POS,Location_NEG,LocationNumbers,General,General_POS,General_NEG,GeneralNumbers
2018,0,0,0,0/0,75.10416666666666,61.54166666666667,,1/1,0,0,0,0/0,0,0,0,0/0,0,0,0,0/0,66.98039215686275,47.21568627450981,,1/1
2019,56.430412380440394,42.089180246172546,19.043650793650794,8/11,66.61307690213633,49.57061020561528,0.0,59/60,58.31366817695789,39.44107739459639,23.66298770673771,53/65,58.11187174417694,35.5165956237926,0.0,6/7,63.876044534668864,45.131906363126475,,39/39,66.84588664328842,49.15066140030807,22.15,61/62
2020,57.781668042605546,37.457588383838385,20.388888888888893,5/6,67.87290880392283,50.69666495871852,,42/42,63.080605724760545,44.81573112989699,33.34615384615385,27/28,65.60484716144803,46.13972583783986,,15/15,64.67731901349126,46.06077293048655,23.74305555555556,20/21,65.15986483964764,47.36791255048064,26.79722222222222,40/42
2021,0,0,0,0/0,63.24326942898371,44.165079365079364,,3/3,60.289649573310285,39.61398372130515,,7/7,0,0,0,0/0,66.6,49.71428571428571,,1/1,64.38104395604395,44.409615384615385,,1/1
2022,58.127033279220775,41.93208766233766,23.949999999999996,5/6,65.41294550727639,46.89909694686387,,83/83,59.258813674101205,40.494538023905406,26.530849534841128,82/96,58.26618197784164,37.956455932060166,12.738095238095237,21/23,62.287819659966615,43.06825866768396,,29/29,65.68216762418588,47.89607848299474,26.13046218487395,68/70
2023,57.60151360544217,32.603095238095236,,7/7,67.41995053997015,50.15427365232715,,87/87,60.16796276808075,41.56829351692322,33.323034373034375,75/84,60.193418789006834,42.23507329532808,20.004166666666666,17/20,63.879715097402595,45.91845486647942,24.329365079365083,24/25,65.34557897809768,47.66776286268035,25.325396825396826,50/52
General,57.313244645129906,,,25/30,66.69235845263732,,,275/276,59.72009972871867,,,244/280,60.53609801386852,,,59/65,63.64633985834348,,,113/115,65.8256253149828,,,221/228
