year,Cleaniness,Cleaniness_POS,Cleaniness_NEG,CleaninessNumbers,Amenities,Amenities_POS,Amenities_NEG,AmenitiesNumbers,Services,Services_POS,Services_NEG,ServicesNumbers,Value,Value_POS,Value_NEG,ValueNumbers,Location,Location_POS,Location_NEG,LocationNumbers,General,General_POS,General_NEG,GeneralNumbers
2018,53.96249120670996,29.07253066378066,22.43333333333333,3/4,61.89995987654321,41.15845590828924,,10/10,62.515321579321125,43.86443697731785,22.4538139329806,20/22,55.529415302579366,32.59834945436508,,8/8,66.82487466237464,49.90762663262663,,6/6,62.84856913919414,43.791460622710616,,7/7
2019,63.523077890901966,46.79088679453263,17.1,8/9,63.930052734861114,44.46149191585151,,36/36,61.97915379502113,43.25281602621099,24.44268026946599,131/138,57.028868042978836,35.61969595572269,18.772727272727273,24/26,62.58303411755707,43.838392177786055,16.92218234981393,44/45,61.53200427546119,43.061965508765766,26.388888888888886,27/30
2020,55.90581432456432,32.95447025197025,,5/5,67.6945367154891,50.068264061461335,,14/14,59.41142209776731,39.029569563045484,28.370091269841268,61/66,54.66789365420509,34.792834098257714,25.444505494505496,10/13,60.617308131439714,38.96468824839877,,10/10,55.838262580592335,31.731899669509097,,12/12
2021,53.90277281746032,27.28344246031746,,5/5,59.14902347325399,36.79721808401246,,15/15,59.09178176152511,38.849721023330986,30.127504347504356,72/79,58.2520744486028,35.16581995218547,,20/20,58.93901041666666,36.76150297619047,,4/4,57.8977843386772,39.44673060074846,31.613553113553117,8/10
2022,56.65844832251082,37.95992288961039,22.261363636363633,2/3,67.50234304569622,50.285117579363614,,18/18,63.24155580556086,44.808695873083394,21.953899225774226,110/114,60.05048961530386,39.325750695812616,,3/3,65.77570627918494,50.8638204521305,18.57142857142857,9/10,66.49239978815801,48.48445718795776,,21/21
2023,64.41670634920635,44.67753968253968,,5/5,68.33348094726429,51.81169110396684,,40/40,63.27444195508388,45.75697394118976,25.023537414965986,134/141,57.67759386446886,34.84769688644688,,5/5,63.03112842319666,43.30006322238111,,12/12,63.54584297530895,45.71139014930701,19.514022435897434,27/28
General,58.98901542802081,,,28/31,65.44226899285108,,,133/133,61.87339034566407,,,528/560,56.94999248244084,,,70/75,62.910867932363104,,,85/87,62.13482505048189,,,102/108
