year,Cleaniness,Cleaniness_POS,Cleaniness_NEG,CleaninessNumbers,Amenities,Amenities_POS,Amenities_NEG,AmenitiesNumbers,Services,Services_POS,Services_NEG,ServicesNumbers,Value,Value_POS,Value_NEG,ValueNumbers,Location,Location_POS,Location_NEG,LocationNumbers,General,General_POS,General_NEG,GeneralNumbers
2021,55.2335557960558,35.08764880952381,25.017283950617283,8/11,65.59890271104555,46.85196546761672,,26/26,57.7666178126282,39.16509807267708,25.34437985205031,50/61,56.66480185153899,35.52044095011742,15.6875,15/16,61.14982363315696,40.55296044343663,,3/3,60.250468975468976,38.86423437673438,,4/4
2022,61.62477853899004,41.61167615896887,30.0,26/28,66.19491109518133,48.57387243223461,30.666666666666664,96/97,62.69827092374775,44.0012160650545,19.54749647333681,238/250,60.557030081873776,40.90087748754968,27.86506653069153,38/42,63.79524490064226,46.359767421259775,0.0,28/29,64.77356648360806,48.60555585336881,28.13079212454212,36/40
2023,62.7572761027488,42.843505171299284,,17/17,65.31520887073101,47.857101034117306,0.0,59/60,64.45342665870669,46.233624835888996,21.521335200746964,160/164,60.705286585538914,39.587310075765046,,23/23,64.82972719410219,46.59532151930962,,27/27,67.03445108433019,49.93056373323958,,25/25
General,60.713153689197576,,,51/56,65.82180534952805,,,181/183,62.67093345165296,,,448/475,59.83029240161379,,,76/81,64.1341391060823,,,58/59,65.33051901962973,,,65/69
