year,Cleaniness,Cleaniness_POS,Cleaniness_NEG,CleaninessNumbers,Amenities,Amenities_POS,Amenities_NEG,AmenitiesNumbers,Services,Services_POS,Services_NEG,ServicesNumbers,Value,Value_POS,Value_NEG,ValueNumbers,Location,Location_POS,Location_NEG,LocationNumbers,General,General_POS,General_NEG,GeneralNumbers
2017,0,0,0,0/0,60.42833333333333,35.443333333333335,,1/1,59.54407166907167,38.97318422318422,,3/3,63.43646785313452,41.89570306236973,,3/3,63.89102564102565,44.44871794871795,,1/1,69.29513888888889,54.78472222222222,,2/2
2018,57.566618677907734,36.608877512100165,45.02380952380952,4/5,64.91616155118581,46.61375905501385,14.866666666666669,46/47,64.31772227065025,45.20714069024551,0.0,94/95,63.226300414906646,43.67404867548944,31.71666666666667,31/32,65.08716214364873,46.14850428529914,,23/23,64.46880308409655,45.96782093952788,0.0,55/56
2019,57.93735727135972,35.09567596701981,,10/10,67.17066331871169,49.950831967507575,24.365079365079367,59/60,64.10087964266562,45.05691428366308,26.75505050505051,99/101,63.067893561859485,42.621283352210995,,51/51,62.304594060728206,42.41787928151621,21.183333333333337,43/44,66.9171702612208,48.75508685570115,,65/65
2020,0,0,0,0/0,70.53496613982726,53.854945620223404,,9/9,61.84006847343404,41.75923438297169,,25/25,58.588763088763095,36.66434861434861,,6/6,60.32137345679012,39.07537477954145,,3/3,63.70666601737885,44.29818844900613,,15/15
2021,57.17142857142858,33.22448979591837,,1/1,0.0,0.0,0.0,0/0,60.93739701865596,40.19186677883883,30.63333333333333,23/24,0.0,0.0,0.0,0/0,0.0,0.0,0.0,0/0,71.31111111111112,53.111111111111114,,1/1
2022,68.07079365079366,49.84045351473923,,5/5,67.84670675919736,50.15516407986333,,35/35,65.55115604112817,46.99119277475005,,98/98,63.74283969235893,43.94456654456654,24.811904761904767,12/13,63.17234843101839,41.84877082958678,,16/16,65.00069190229223,46.69516794239978,,17/17
2023,61.625,39.25,,1/1,67.37464706606303,49.56622351056262,,33/33,65.5486488282796,47.90475155649,18.840476190476192,52/54,57.51331085134352,37.775947125865954,20.166666666666664,7/8,68.09583979790746,50.79509239368262,,14/14,65.78297636212997,46.519338348687874,,24/24
General,60.288957405842396,,,21/22,66.88940816417406,,,183/185,64.33786060917366,,,394/400,62.56911123748003,,,110/113,63.835260852023325,,,100/101,65.60652007704677,,,179/180
