year,Cleaniness,Cleaniness_POS,Cleaniness_NEG,CleaninessNumbers,Amenities,Amenities_POS,Amenities_NEG,AmenitiesNumbers,Services,Services_POS,Services_NEG,ServicesNumbers,Value,Value_POS,Value_NEG,ValueNumbers,Location,Location_POS,Location_NEG,LocationNumbers,General,General_POS,General_NEG,GeneralNumbers
2018,0,0,0,0/0,54.277777777777786,32.111111111111114,,1/1,0,0,0,0/0,0,0,0,0/0,0,0,0,0/0,0,0,0,0/0
2019,59.4283530835046,37.76019006806885,,6/6,67.2928435183459,50.7932705155911,,19/19,61.24773033842742,42.47483358535995,34.556481481481484,40/42,59.71731601731602,37.935064935064936,,5/5,64.13224029195011,48.36243521218012,22.46428571428572,7/8,62.08685660708687,42.145913139005245,,9/9
2020,53.527215918953054,30.483543447293446,24.855026455026454,6/8,64.68153986188707,44.99862317209539,,12/12,63.89445137340502,45.14864941038482,26.295014880952376,58/60,58.933199254449256,36.61350577200578,33.45,5/6,63.36353482936816,44.50431605431605,,9/9,66.58062322084481,48.893575970746426,,15/15
2021,61.57083535512106,39.63716854573997,,7/7,59.1464805477376,40.086210887456005,16.429411764705883,14/16,60.66063027959325,40.64169309422626,33.007901234567896,105/110,54.06542207792208,29.169588744588744,,4/4,57.92351190476191,38.64702380952381,,4/4,60.62107789407368,46.184217585567666,27.698322510822514,11/15
2022,47.846654780404776,29.74716810966811,29.019943019943025,3/5,65.20995032933808,47.30898145694064,,7/7,61.83493992984639,42.04764730902207,23.722222222222225,56/57,57.4604425857367,33.32817972151305,36.44444444444444,6/7,61.663936588103255,39.3836227352894,,9/9,57.518216269841275,37.30701884920635,36.266666666666666,4/5
2023,59.49491347327886,40.389389365213546,22.5,7/8,66.56632903439154,49.73853240740742,,20/20,64.254908003477,46.174437859063815,29.114902998236335,59/62,59.57973609315522,42.02055018977288,33.07448107448107,11/14,65.70652687590187,47.611982323232326,,6/6,61.47069302579507,43.617008740818264,37.114814814814814,12/14
General,56.79341985372807,,,29/34,64.57546939634659,,,73/75,62.19678839755386,,,318/331,58.466301870258164,,,31/36,62.895510387980615,,,35/36,62.32737948099821,,,51/58
