year,Cleaniness,Cleaniness_POS,Cleaniness_NEG,CleaninessNumbers,Amenities,Amenities_POS,Amenities_NEG,AmenitiesNumbers,Services,Services_POS,Services_NEG,ServicesNumbers,Value,Value_POS,Value_NEG,ValueNumbers,Location,Location_POS,Location_NEG,LocationNumbers,General,General_POS,General_NEG,GeneralNumbers
2017,0,0,0,0/0,68.64438775510203,52.0234693877551,,1/1,0,0,0,0/0,0,0,0,0/0,0,0,0,0/0,0,0,0,0/0
2018,61.2,54.8,23.999999999999996,1/2,65.77902494331066,48.16363378684807,,4/4,54.864549308015214,41.77565092893218,12.08888888888889,8/11,63.36775793650793,44.0609126984127,,3/3,54.5342901234568,37.94212962962963,18.000000000000004,2/3,0,0,0,0/0
2019,48.376336382915326,19.630391538286275,,1/1,58.070135345805,37.173547335600915,,4/4,62.45624676249676,46.875308580308584,22.95,5/6,52.6813492063492,23.54206349206349,,1/1,60.205634001313825,40.23770955165692,24.85769230769231,5/6,54.97726851851852,34.47944444444444,27.86574074074074,3/4
2020,0,0,0,0/0,0.0,0.0,0.0,0/0,55.425115740740736,30.9400462962963,,3/3,0,0,0,0/0,62.49036281179137,43.32539682539682,,1/1,0,0,0,0/0
2021,43.96923076923076,,30.723076923076917,0/1,0.0,0.0,0.0,0/0,54.3292678309345,37.638737805404475,25.170342312008977,9/15,0,0,0,0/0,58.83352272727273,37.84886363636364,,1/1,45.025641025641036,16.410256410256412,,1/1
2022,51.642897052523594,33.118461507628176,33.63361641226464,12/23,66.70876637939787,51.17068023547803,19.571428571428573,16/17,61.99000801266757,43.56853334161144,26.231160091185156,88/95,56.53158379715522,34.28067546210403,17.36,9/10,58.727544450816836,36.356630867081904,,12/12,61.70469293321669,44.88797858544372,26.328703703703702,9/11
2023,58.97685687614923,39.56080923928518,23.271532463637726,11/14,67.22682134133115,50.38474127361382,,18/18,63.924324084227514,46.43455499035336,18.96452270723104,70/73,60.54670686662874,40.38954703430194,22.082234432234433,15/16,59.63074815606339,39.999250655201614,26.32870370370371,11/12,63.15716490299824,45.56651589151589,24.805555555555557,13/15
General,54.346541356738484,,,25/41,66.0948373069384,,,43/44,61.65018870444047,,,183/203,59.22825902844951,,,28/30,59.041716319996574,,,32/35,61.00141325516361,,,26/31
