year,Cleaniness,Cleaniness_POS,Cleaniness_NEG,CleaninessNumbers,Amenities,Amenities_POS,Amenities_NEG,AmenitiesNumbers,Services,Services_POS,Services_NEG,ServicesNumbers,Value,Value_POS,Value_NEG,ValueNumbers,Location,Location_POS,Location_NEG,LocationNumbers,General,General_POS,General_NEG,GeneralNumbers
2022,0,0,0,0/0,71.7301111834594,57.24964712866499,,12/12,65.61419329719044,46.66434624058742,,27/27,0,0,0,0/0,0,0,0,0/0,69.95416666666665,53.86904761904761,,2/2
2023,0,0,0,0/0,69.10966662601861,52.672459909892694,,89/89,67.16727866503614,50.51930725826044,22.82883486728025,109/111,56.736538461538466,33.10384615384616,,2/2,66.02390620490621,47.98972272172272,,5/5,67.17006313131313,50.04768999519,,12/12
General,0,,,0/0,69.42100657343731,,,101/101,66.8634141365446,,,136/138,56.736538461538466,,,2/2,66.02390620490621,,,5/5,67.5677922077922,,,14/14
