year,Cleaniness,Cleaniness_POS,Cleaniness_NEG,CleaninessNumbers,Amenities,Amenities_POS,Amenities_NEG,AmenitiesNumbers,Services,Services_POS,Services_NEG,ServicesNumbers,Value,Value_POS,Value_NEG,ValueNumbers,Location,Location_POS,Location_NEG,LocationNumbers,General,General_POS,General_NEG,GeneralNumbers
2017,51.50929487179488,25.65833333333333,,2/2,60.2180042690153,38.14357762335703,,4/4,65.18336029050315,47.0376036661751,,7/7,65.45720125462773,46.411503447532866,,7/7,61.53950786102856,41.15895976673958,25.15,16/17,64.63149774628467,44.98437758220172,,7/7
2018,57.57330517789663,35.566100374360275,15.279487179487182,8/9,64.16167040862359,45.48448329550547,15.194444444444443,70/72,61.325928739829436,40.86956324793488,23.756944444444446,56/57,60.392662978987246,39.72825139550568,25.829166666666666,39/41,62.41426707817618,42.5400700034986,13.638888888888891,85/86,62.564500408735796,44.61167570158986,24.140469831094833,35/39
2019,57.314158445608115,33.48349800250899,28.187261503928166,11/12,63.732942711271136,43.72604147890647,,69/69,60.140665245102184,38.82357948260969,0.0,56/57,61.778338984591706,40.61827413483726,,36/36,61.94823216378364,41.230699054274424,,89/89,65.16663310028265,46.74613236823669,23.166666666666664,41/42
2020,0.0,0.0,0.0,0/0,64.52322675010176,45.131629833129836,,10/10,58.49593554593555,38.6585671530116,29.075757575757574,9/10,61.65163730196967,42.96560083545202,23.270833333333336,7/8,61.804548732517475,40.821958825896324,,10/10,67.10181126743626,49.53401334776335,,6/6
2021,0.0,0.0,0.0,0/0,0.0,0.0,0.0,0/0,48.66111111111111,,29.144444444444446,0/1,0.0,0.0,0.0,0/0,0.0,0.0,0.0,0/0,0.0,0.0,0.0,0/0
2022,62.041434183100854,40.50005611672279,,3/3,64.63405694913796,45.433036086775076,,12/12,59.569862303935054,38.31207039887619,24.650000000000002,16/17,55.19250598387502,33.369139476778365,10.966666666666669,6/7,63.912174872085586,44.06264724693297,,10/10,63.578045112781965,50.08724937343358,35.166666666666664,4/5
2023,57.87594474969475,31.65080280830281,,3/3,67.31958488220717,50.56829119234675,28.51481481481482,45/46,61.99666534961815,43.26362450778488,27.730000000000004,17/18,52.36029526029526,32.83842851592852,15.23541666666667,5/7,62.978868889785915,42.82102867246354,,20/20,65.12107751469996,49.06777027646076,33.23968253968254,12/14
General,57.54139222380495,,,27/29,64.67430605186324,,,210/213,60.73130228266534,,,161/167,60.41889152350116,,,100/106,62.25834430508246,,,230/232,64.26221919248573,,,105/113
