year,Cleaniness,Cleaniness_POS,Cleaniness_NEG,CleaninessNumbers,Amenities,Amenities_POS,Amenities_NEG,AmenitiesNumbers,Services,Services_POS,Services_NEG,ServicesNumbers,Value,Value_POS,Value_NEG,ValueNumbers,Location,Location_POS,Location_NEG,LocationNumbers,General,General_POS,General_NEG,GeneralNumbers
2017,48.06944444444444,22.27777777777778,,2/2,67.91777660524085,50.17292115148528,,12/12,60.31221327861953,40.31518329554044,39.904761904761905,7/8,0,0,0,0/0,63.574005359719635,45.1327121291407,,7/7,56.84644510582011,48.93660714285714,25.782175925925927,2/4
2018,54.77761258349493,32.206902607196724,14.51515151515152,5/6,66.7983009295388,49.542077238230206,,118/118,63.19569886674189,45.50764972092945,20.214100966373692,213/224,62.525317633755144,42.74211174936174,,20/20,63.296938676094555,44.78639189113246,21.280423280423282,99/100,67.70956631931688,50.99396282441745,,100/100
2019,48.187815656565654,24.031385281385283,27.479166666666664,2/3,65.52283366954894,47.262797574828035,,42/42,60.08190314999969,39.73696449316593,28.805834443334447,65/71,57.40972993273788,35.64456532448614,21.141774891774894,13/14,60.666791216966985,40.862065225528795,0.0,36/37,64.30760665640415,48.518324810985,27.542592592592598,15/18
2020,55.6775852883309,34.1075918598945,27.771254208754204,4/6,60.64404275516,39.135994758539695,,18/18,57.23949489665726,36.58432822483214,26.487376204042874,38/43,60.72957351290685,38.09708193041527,,3/3,60.64279696377488,39.16242467686171,,10/10,73.59134615384615,56.41346153846153,,2/2
2021,0.0,0.0,0.0,0/0,61.07171193415638,39.77033274544386,,6/6,62.21672643564328,42.628565567112624,21.354761904761908,25/26,52.79235615079365,25.945347222222225,,4/4,56.5,27.0,,1/1,54.6567680776014,28.616887125220458,,2/2
2022,53.56750541125541,29.020454545454548,25.559523809523807,1/2,61.27449705724041,40.00566270084828,,12/12,57.59008096161283,34.90464375312415,,16/16,59.67395382395382,37.63520923520923,,2/2,55.15265063095946,31.45523901479784,,3/3,65.37943877551021,47.50071428571428,,5/5
2023,59.41798941798942,36.62433862433863,,1/1,66.25413849696255,48.39006221830296,,9/9,56.32628490593768,34.027246787603936,19.555555555555557,16/18,54.62698412698413,32.84126984126984,,1/1,60.46496400114047,37.792063670262195,,8/8,47.566883116883126,33.387301587301586,39.820707070707066,1/3
General,53.49932616650206,,,15/20,65.61647970242807,,,217/217,61.37536198917436,,,380/406,59.58126383295954,,,43/44,62.23788441984954,,,164/166,66.2833836109055,,,127/134
