year,Cleaniness,Cleaniness_POS,Cleaniness_NEG,CleaninessNumbers,Amenities,Amenities_POS,Amenities_NEG,AmenitiesNumbers,Services,Services_POS,Services_NEG,ServicesNumbers,Value,Value_POS,Value_NEG,ValueNumbers,Location,Location_POS,Location_NEG,LocationNumbers,General,General_POS,General_NEG,GeneralNumbers
2022,0,0,0,0/0,0,0,0,0/0,90.0,90.0,,1/1,0,0,0,0/0,0,0,0,0/0,0,0,0,0/0
2023,55.70112433862434,31.06829466829467,,13/13,63.42646823249502,43.384432758499315,,22/22,60.0777913595994,39.69731219569182,30.155677655677653,27/28,59.99314660308127,38.09737884527089,,20/20,56.456839164237124,33.71014739229025,,21/21,57.959781815406814,39.169812245834976,30.75,11/13
General,55.70112433862434,,,13/13,63.42646823249502,,,22/22,61.10959165754426,,,28/29,59.99314660308127,,,20/20,56.456839164237124,,,21/21,57.959781815406814,,,11/13
