year,Cleaniness,Cleaniness_POS,Cleaniness_NEG,CleaninessNumbers,Amenities,Amenities_POS,Amenities_NEG,AmenitiesNumbers,Services,Services_POS,Services_NEG,ServicesNumbers,Value,Value_POS,Value_NEG,ValueNumbers,Location,Location_POS,Location_NEG,LocationNumbers,General,General_POS,General_NEG,GeneralNumbers
2020,0,0,0,0/0,64.61855158730158,46.60218253968254,,3/3,64.8125,46.125,,1/1,61.49074074074075,42.50740740740741,,2/2,65.6051515151515,46.88242424242424,,3/3,65.65767045454545,49.08806818181818,,1/1
2021,0,0,0,0/0,0.0,0.0,0.0,0/0,0.0,0.0,0.0,0/0,0.0,0.0,0.0,0/0,0.0,0.0,0.0,0/0,0.0,0.0,0.0,0/0
2022,0,0,0,0/0,0.0,0.0,0.0,0/0,0.0,0.0,0.0,0/0,0.0,0.0,0.0,0/0,0.0,0.0,0.0,0/0,0.0,0.0,0.0,0/0
2023,0,0,0,0/0,0.0,0.0,0.0,0/0,0.0,0.0,0.0,0/0,0.0,0.0,0.0,0/0,0.0,0.0,0.0,0/0,0.0,0.0,0.0,0/0
General,0,,,0/0,64.61855158730158,,,3/3,64.8125,,,1/1,61.49074074074075,,,2/2,65.6051515151515,,,3/3,65.65767045454545,,,1/1
