year,Cleaniness,Cleaniness_POS,Cleaniness_NEG,CleaninessNumbers,Amenities,Amenities_POS,Amenities_NEG,AmenitiesNumbers,Services,Services_POS,Services_NEG,ServicesNumbers,Value,Value_POS,Value_NEG,ValueNumbers,Location,Location_POS,Location_NEG,LocationNumbers,General,General_POS,General_NEG,GeneralNumbers
2021,59.09360115799019,36.365439922671925,,12/12,65.54003693645821,47.31367273094871,,40/40,63.02053725379524,44.842692074602674,29.55114904143476,166/176,56.463816883391,37.62287936125722,23.465128968253968,14/17,63.12203336346193,44.28353097299526,,8/8,61.82434077724558,44.23853596309651,22.32264957264957,13/15
2022,61.60439697500989,41.97643065341478,23.572916666666675,18/20,66.49026906758533,49.13934141438068,28.129629629629633,83/84,63.90550617090709,46.15150470377519,26.023568715235378,166/175,62.41440651596591,42.95590770439477,28.15848091302637,21/22,65.25620357621577,46.497269006699895,,58/58,66.9387049509125,49.249154677168136,49.5090909090909,56/57
2023,63.389044562340025,45.664943066193075,25.26868686868687,10/11,68.30654371894965,51.38402311817833,,72/72,64.8102752289499,46.83078554551809,26.02199074074074,121/125,60.02589250782761,41.711708909185276,15.375,16/18,64.28761135545122,47.019300219329516,11.135416666666668,43/45,66.61268258244023,48.70247683410456,,49/49
General,61.36024752515861,,,40/43,66.96354707601974,,,195/196,63.7880722366082,,,454/477,59.88540167561042,,,51/57,64.70971698489652,,,109/111,66.17266727603527,,,118/121
