year,Cleaniness,Cleaniness_POS,Cleaniness_NEG,CleaninessNumbers,Amenities,Amenities_POS,Amenities_NEG,AmenitiesNumbers,Services,Services_POS,Services_NEG,ServicesNumbers,Value,Value_POS,Value_NEG,ValueNumbers,Location,Location_POS,Location_NEG,LocationNumbers,General,General_POS,General_NEG,GeneralNumbers
2021,58.30139144494886,32.536732667685044,,9/9,65.08028585422326,47.20008980457247,12.238095238095239,50/52,66.35879478300737,49.22481468842517,28.749615743733393,113/116,58.09171626984127,41.00133681289144,29.737301587301587,9/12,62.023021133958636,42.29875841750841,,8/8,61.16016131738675,42.44031405776504,26.0640625,19/21
2022,55.59974235908136,34.45585174323823,22.56804558481642,17/23,64.55236104947289,46.36154626669621,21.78551587301587,107/111,63.590528745243745,45.89009986114276,28.97076527176527,197/212,59.6625319235263,39.370715948407906,24.35421245421245,27/30,60.52022578258577,42.18586199924499,2.6666666666666665,35/37,66.03429391008757,49.63656806627146,29.1059650997151,59/63
2023,55.39919257660329,34.47605698369092,29.24259259259259,12/15,66.30498818391735,48.10432414127523,,76/76,63.70938212369818,46.205680322194354,31.94833333333333,84/90,58.53996309839995,35.19863656778771,,14/14,64.91549110556019,45.96798117252247,,47/47,65.83868973911149,47.87208471713346,26.155982905982906,53/55
General,56.05307416835023,,,38/47,65.22454411250553,,,233/239,64.38434612429035,,,394/418,59.045286362883644,,,50/56,62.89631092378989,,,90/92,65.22051683202713,,,131/139
