year,Cleaniness,Cleaniness_POS,Cleaniness_NEG,CleaninessNumbers,Amenities,Amenities_POS,Amenities_NEG,AmenitiesNumbers,Services,Services_POS,Services_NEG,ServicesNumbers,Value,Value_POS,Value_NEG,ValueNumbers,Location,Location_POS,Location_NEG,LocationNumbers,General,General_POS,General_NEG,GeneralNumbers
2017,59.55035574447339,37.66235658025837,30.71428571428572,16/17,63.15472897301396,44.91523516069857,20.792424242424243,40/42,63.09492629134683,44.354895258374285,23.106419753086417,82/85,58.87070445314281,37.985526860372566,21.91623931623932,22/23,60.796668427525276,39.96064536792359,,31/31,60.630232417373776,40.66449899081008,23.125,24/25
2018,57.975829680796785,36.71611430723273,25.194761904761904,11/13,62.437518132908764,42.854320065351324,,40/40,63.040896919799486,44.9453783766405,22.41635606060606,93/98,59.6062873717994,40.1018060436318,21.770833333333336,22/25,63.048617860584855,43.29248794994292,,17/17,65.235777864377,47.860196861670076,19.3125,28/29
2019,51.75271293934241,38.955687830687836,41.26271081349206,3/5,60.90215883127814,38.853226666010755,,9/9,62.172844423003674,42.16197277942516,30.5751633986928,30/31,58.40387524940045,35.56892475871467,,7/7,59.67562767094017,40.40624672946102,26.95238095238095,7/8,64.71107884179312,49.86425518925519,32.001269841269846,6/7
2020,63.224999999999994,44.71666666666667,,1/1,0.0,0.0,0.0,0/0,67.00459956709958,48.805735930735935,,2/2,63.22704081632652,45.55612244897959,,1/1,73.98333333333335,55.96666666666667,,1/1,55.46469907407407,32.28298611111112,22.333333333333336,2/3
2021,0.0,0.0,0.0,0/0,64.54928279241877,46.085126055846956,29.113636363636367,18/19,67.77740245094414,48.644272964689634,,9/9,70.65185185185186,54.76296296296296,,2/2,0.0,0.0,0.0,0/0,0.0,0.0,0.0,0/0
2022,0.0,0.0,0.0,0/0,0.0,0.0,0.0,0/0,61.35616883116883,56.522077922077926,32.5,1/2,0.0,0.0,0.0,0/0,0.0,0.0,0.0,0/0,61.191716269841265,38.770734126984124,,4/4
2023,52.082436342592594,31.82786458333333,19.661111111111115,2/3,66.38180084091394,48.41625058142915,,45/45,65.96976652495222,49.18855186533813,18.475634920634924,46/48,65.14187680375181,48.18199314574315,,5/5,56.99993323255227,34.83683799445704,,3/3,63.7661689269725,43.82382863829292,,7/7
General,57.54558223668964,,,33/39,63.94668504878402,,,152/155,63.64255186207521,,,263/275,60.05159749209305,,,59/63,61.31518965469563,,,59/60,62.907934202456325,,,71/75
