year,Cleaniness,Cleaniness_POS,Cleaniness_NEG,CleaninessNumbers,Amenities,Amenities_POS,Amenities_NEG,AmenitiesNumbers,Services,Services_POS,Services_NEG,ServicesNumbers,Value,Value_POS,Value_NEG,ValueNumbers,Location,Location_POS,Location_NEG,LocationNumbers,General,General_POS,General_NEG,GeneralNumbers
2020,0,0,0,0/0,0,0,0,0/0,0,0,0,0/0,0,0,0,0/0,0,0,0,0/0,82.853125,72.10625,,1/1
2021,43.104166666666664,34.50833333333334,0.0,1/2,70.74364108107464,55.13736994767417,,146/146,68.00328005593605,51.33892850329903,22.536011904761907,324/328,62.30069246055458,43.88369216935796,22.804761904761904,29/31,69.88873647186148,53.98722242043671,,10/10,68.31571479759347,51.69333098209352,0.0,44/45
2022,54.33044733044733,26.499278499278496,,3/3,70.80585903699175,56.31272747274649,26.970000000000006,54/55,66.57593454772473,49.57135956462544,20.15909090909091,126/128,61.75370271442796,40.480309348708474,,14/14,66.086592394853,48.134929794070956,,26/26,67.33906624400129,50.17539836255489,,31/31
2023,69.22142857142858,51.87142857142857,,1/1,71.91819379427092,57.03589532515343,,55/55,67.98157871011155,51.19881439568631,,69/69,66.93848888888888,46.892355555555554,,5/5,69.01542803478894,52.12833258906031,,14/14,68.43415118839671,51.080348289453525,,17/17
General,53.070183982683986,,,5/6,70.94780729185466,,,258/259,67.6410656054407,,,526/532,62.61131497447256,,,48/50,67.66709518943675,,,50/50,68.16970121977118,,,93/94
