year,Cleaniness,Cleaniness_POS,Cleaniness_NEG,CleaninessNumbers,Amenities,Amenities_POS,Amenities_NEG,AmenitiesNumbers,Services,Services_POS,Services_NEG,ServicesNumbers,Value,Value_POS,Value_NEG,ValueNumbers,Location,Location_POS,Location_NEG,LocationNumbers,General,General_POS,General_NEG,GeneralNumbers
2019,56.53641859940471,32.931819900502944,24.9,8/9,65.84208181657958,47.23659974780511,,16/16,63.75346623268064,46.710941910472485,26.837500000000002,33/36,52.61971387136828,27.442604291133698,,6/6,58.73110517705421,39.01923619691467,18.0889010989011,25/27,64.7163291030889,45.63864025711781,,17/17
2020,61.40693581780538,39.946997929606624,,2/2,59.50099206349206,38.42420634920635,,2/2,51.017857142857146,26.32142857142857,,1/1,0.0,0.0,0.0,0/0,59.87819414381914,38.51438492063491,,3/3,65.57575757575758,47.03030303030303,,1/1
2021,0.0,0.0,0.0,0/0,0.0,0.0,0.0,0/0,0.0,0.0,0.0,0/0,0.0,0.0,0.0,0/0,0.0,0.0,0.0,0/0,0.0,0.0,0.0,0/0
2022,0.0,0.0,0.0,0/0,64.1875,46.375,,1/1,61.14413580246912,45.477883597883604,32.08730158730159,5/6,80.33333333333333,67.33333333333333,,1/1,61.01587301587301,42.301587301587304,,1/1,62.125974025974024,44.495719095719096,,3/3
2023,61.44586913348998,42.27281739831559,28.976211734693877,23/25,65.66157104932105,48.263579687508255,,85/85,63.474988583386555,45.18663816251125,20.151111111111113,232/237,56.99605543060267,36.29815267387745,29.802619047619046,25/30,60.55934858263013,40.97988502166895,21.859589947089948,48/50,65.6475723936524,47.95931914373149,36.273809523809526,98/99
General,60.21634353798618,,,33/36,65.55669550369757,,,104/104,63.41635625213139,,,271/280,56.91711566161145,,,32/37,59.93034227604074,,,77/81,65.42700784481481,,,119/120
