year,Cleaniness,Cleaniness_POS,Cleaniness_NEG,CleaninessNumbers,Amenities,Amenities_POS,Amenities_NEG,AmenitiesNumbers,Services,Services_POS,Services_NEG,ServicesNumbers,Value,Value_POS,Value_NEG,ValueNumbers,Location,Location_POS,Location_NEG,LocationNumbers,General,General_POS,General_NEG,GeneralNumbers
2019,53.39741161616162,26.81881313131313,,2/2,56.17387152777778,40.07476851851851,16.819444444444446,3/4,70.31055621693122,54.93256216931218,,5/5,52.12499999999999,28.749999999999996,,1/1,62.81071428571429,42.63095238095238,,3/3,0,0,0,0/0
2020,65.49841269841271,44.77460317460318,,1/1,0.0,0.0,0.0,0/0,49.23347069176614,18.91330922865014,22.564444444444444,2/3,63.166666666666664,43.16666666666667,,1/1,58.420833333333334,31.775000000000002,,1/1,67.43055555555556,48.6388888888889,,1/1
2021,0.0,0.0,0.0,0/0,0.0,0.0,0.0,0/0,42.05555555555556,12.888888888888893,,1/1,0.0,0.0,0.0,0/0,0.0,0.0,0.0,0/0,0,0,0,0/0
2022,0.0,0.0,0.0,0/0,48.95,19.6,,1/1,52.284722222222214,27.59722222222223,,1/1,62.55,33.900000000000006,,1/1,0.0,0.0,0.0,0/0,52.769444444444446,26.427777777777777,,1/1
2023,0.0,0.0,0.0,0/0,0.0,0.0,0.0,0/0,53.48305007309941,27.284228801169593,,2/2,0.0,0.0,0.0,0/0,68.69794372294372,53.25735930735931,,1/1,0,0,0,0/0
General,57.431078643578644,,,3/3,54.72909722222222,,,4/5,58.37996425699427,,,11/12,59.28055555555555,,,3/3,63.11018398268399,,,5/5,60.099999999999994,,,2/2
