year,Cleaniness,Cleaniness_POS,Cleaniness_NEG,CleaninessNumbers,Amenities,Amenities_POS,Amenities_NEG,AmenitiesNumbers,Services,Services_POS,Services_NEG,ServicesNumbers,Value,Value_POS,Value_NEG,ValueNumbers,Location,Location_POS,Location_NEG,LocationNumbers,General,General_POS,General_NEG,GeneralNumbers
2018,67.31481481481482,49.814814814814824,,1/1,0,0,0,0/0,0,0,0,0/0,0,0,0,0/0,0,0,0,0/0,0,0,0,0/0
2019,48.25,21.785714285714285,,1/1,68.50670705782312,51.38303335222979,,12/12,62.447853894510175,44.003439321557366,18.333333333333332,45/47,60.73659259259259,44.546296296296305,39.00000000000001,4/5,68.96363468707219,51.04213691401192,,11/11,70.98796040594397,55.014539568375085,,20/20
2020,63.11933621933622,42.608903318903316,,5/5,65.66793803031268,47.43592246517727,,26/26,64.21951136860866,46.04874487780795,22.614000000000004,114/119,56.08190565053647,33.001339741413275,,13/13,62.574524190002705,43.07376428909632,,8/8,63.529814605099105,43.927841778089515,,26/26
2021,64.25381223714557,43.93671117581374,,13/13,64.89621323372845,47.18088694796958,73.18055555555554,43/44,63.84641540491074,45.81212629096689,24.448747508160775,314/328,60.382158125439375,40.43407282840617,46.53703703703704,15/16,64.65251055554687,45.75107261132346,,30/30,64.97094858096291,45.99119109713367,,43/43
2022,58.02164833892559,35.99950970320788,32.071296296296296,15/17,65.98346718236205,48.03201358187616,,37/37,63.649789559424605,44.97724641749733,28.07270284182049,185/191,59.614334611780045,42.98473491015158,24.21712962962963,15/18,61.3519080417749,41.517102492254295,,22/22,62.50531544922016,43.84954378697434,30.399390811011905,36/38
2023,61.92863756613756,46.06555555555556,32.16666666666667,5/6,68.48102904994781,51.737553831445666,38.13809523809524,49/50,65.31483784417007,47.144871270628855,27.733333333333334,117/118,67.27191822147962,49.12780933816022,,3/3,63.64803711690149,43.63175029011864,,27/27,68.19887386668306,52.455118082206525,13.680555555555557,38/39
General,61.032579119836015,,,40/43,66.56994079296358,,,167/169,63.9888616565122,,,775/803,59.52247352915359,,,50/55,63.94908643693479,,,98/98,65.664115931951,,,163/166
