year,Cleaniness,Cleaniness_POS,Cleaniness_NEG,CleaninessNumbers,Amenities,Amenities_POS,Amenities_NEG,AmenitiesNumbers,Services,Services_POS,Services_NEG,ServicesNumbers,Value,Value_POS,Value_NEG,ValueNumbers,Location,Location_POS,Location_NEG,LocationNumbers,General,General_POS,General_NEG,GeneralNumbers
2017,44.58333333333333,,46.83333333333333,0/1,0,0,0,0/0,48.15,21.9,,1/1,0,0,0,0/0,0,0,0,0/0,67.30833333333334,51.28333333333333,,1/1
2018,54.33407612262465,35.67707227877211,21.839682539682535,17/25,65.2660868992119,46.81122308247309,,22/22,62.829314252436276,43.767521787057376,25.67987012987013,58/60,58.29656737259207,39.324613964341545,37.57851851851852,17/20,62.76458295813136,43.155674843728825,35.333333333333336,42/43,65.86510280188602,48.58529249463144,23.38333333333334,32/33
2019,56.246792667925405,36.26612565217904,30.159445072900958,27/35,63.76278941842607,45.94029109956615,23.577777777777776,67/69,61.06327716716608,41.51745208168219,18.759341931216934,102/108,60.37507071136535,40.88153762208347,25.5,28/30,60.88176474515815,41.20720829003069,0.0,57/59,65.8714857303887,47.66456359588318,,48/48
2020,0.0,0.0,0.0,0/0,68.73630952380952,52.13809523809524,,6/6,64.464633637983,44.78907833443226,,16/16,53.43469387755103,31.008163265306123,,2/2,59.47299599210313,40.73415999476714,29.5,10/11,52.07225560897436,31.98071581196581,38.0,3/4
2021,0.0,0.0,0.0,0/0,0,0,0,0/0,63.400000000000006,48.400000000000006,,1/1,0,0,0,0/0,0,0,0,0/0,58.9861111111111,36.36111111111111,,1/1
2022,49.46062334656085,29.962731481481484,25.955026455026456,3/6,0,0,0,0/0,56.958265947015946,35.25496339051895,26.61,9/10,0,0,0,0/0,66.29915043290043,47.6665367965368,,3/3,48.87446715117671,29.10792824074074,26.73171011994541,2/5
2023,56.003945707070706,30.387545093795094,,6/6,62.88974780270235,44.09284486797473,,11/11,63.95223114473701,45.70569328174979,19.75757575757576,26/27,55.896661166765334,39.767371815427374,10.900793650793652,9/12,57.337148538190206,34.026303249219914,,9/9,58.83529701779702,42.17963492063492,48.33207070707071,5/6
General,54.85425197394696,,,53/73,64.25640245024671,,,106/108,61.90076155957803,,,213/223,58.668949852329504,,,56/64,61.280287449756216,,,121/125,63.95252339044799,,,92/98
