year,Cleaniness,Cleaniness_POS,Cleaniness_NEG,CleaninessNumbers,Amenities,Amenities_POS,Amenities_NEG,AmenitiesNumbers,Services,Services_POS,Services_NEG,ServicesNumbers,Value,Value_POS,Value_NEG,ValueNumbers,Location,Location_POS,Location_NEG,LocationNumbers,General,General_POS,General_NEG,GeneralNumbers
2016,43.70535714285714,,14.160714285714285,0/1,56.63333333333333,35.2,,2/2,62.48917124542125,42.58836996336997,,4/4,64.46263736263737,45.41318681318681,,3/3,51.84223007384772,29.521517697988287,17.791666666666664,2/3,69.78531746031746,52.78174603174604,,3/3
2017,55.09760871106937,32.27215601796274,16.484848484848484,10/11,61.034972626249996,40.648222124219714,,33/33,60.921743429625344,39.806799043850674,25.06324609733701,30/31,57.45003182912383,35.85066096864061,26.765625,46/50,59.43643481907263,37.877821324224136,27.38888888888889,29/30,61.30673695349278,40.27523936361433,,14/14
2018,52.43651559956247,26.785693388787138,,9/9,62.37954842433209,42.466976362312906,,26/26,60.36467809532567,39.975200376018776,38.625,39/41,56.049721975184866,34.10444481959201,22.585595776772244,22/24,61.23316415018238,40.697605864841734,,16/16,58.23931361442327,37.75147516043898,20.625,8/9
2019,52.78124872812373,28.509709503459504,,4/4,64.11851149983802,45.10253077421444,,14/14,58.66554493498522,38.971752350086454,26.145502645502646,18/21,61.56643678852012,44.52016178266179,20.282407407407412,13/15,55.94527525350514,31.98649106115839,,21/21,60.7637724645187,39.212470215715136,,8/8
2020,59.33992165242166,39.22186609686611,,3/3,62.21919191919193,41.00707070707071,,2/2,59.36198028162314,41.3504921665636,25.75,6/7,68.32954545454545,48.698051948051955,,1/1,55.75231437969924,31.66152098997493,,2/2,70.06921768707483,53.84982993197279,,2/2
2021,0.0,0.0,0.0,0/0,0.0,0.0,0.0,0/0,0.0,0.0,0.0,0/0,0.0,0.0,0.0,0/0,0.0,0.0,0.0,0/0,0.0,0.0,0.0,0/0
2022,0.0,0.0,0.0,0/0,57.04497354497354,36.735449735449734,,1/1,0.0,0.0,0.0,0/0,0.0,0.0,0.0,0/0,62.57440476190476,42.904761904761905,,2/2,0.0,0.0,0.0,0/0
2023,52.42494172494172,27.31162171162171,,3/3,61.47414021164021,42.31441798941799,,3/3,65.88503240951707,47.16587749888189,,9/9,61.6162554112554,42.04939393939394,,5/5,55.21428968253967,30.584134920634916,,5/5,55.14445112179487,30.202363782051286,,2/2
General,53.810557367911855,,,29/31,61.887085942982246,,,81/81,60.65449673008963,,,106/113,58.27541025803229,,,90/98,58.30286111666018,,,77/79,61.272147620882876,,,37/38
