year,Cleaniness,Cleaniness_POS,Cleaniness_NEG,CleaninessNumbers,Amenities,Amenities_POS,Amenities_NEG,AmenitiesNumbers,Services,Services_POS,Services_NEG,ServicesNumbers,Value,Value_POS,Value_NEG,ValueNumbers,Location,Location_POS,Location_NEG,LocationNumbers,General,General_POS,General_NEG,GeneralNumbers
2018,0,0,0,0/0,57.27222222222221,35.522222222222226,,1/1,0,0,0,0/0,0,0,0,0/0,0,0,0,0/0,0,0,0,0/0
2019,54.33805898584845,32.231325915799594,12.5,4/5,63.63621993575478,43.63649147421205,,23/23,62.24477186413141,42.50756868069581,30.733333333333334,45/46,59.1141234864609,37.13717226836779,,14/14,64.59030057646586,45.42194569059491,,14/14,64.43625408217514,45.18835839598997,,10/10
2020,51.355685856087156,32.212428576634196,23.762329365079367,15/25,62.455771909311984,44.438541211699516,7.321428571428572,47/49,56.45739459317068,35.87417902296203,27.36271129857797,134/159,57.102824027026614,36.00653087468088,23.372380050505054,25/29,61.91786860367116,41.95860605719237,22.793333333333337,21/22,61.5906587365586,45.17806885773389,28.729595959595958,18/21
2021,61.26594280531367,41.14479121372683,19.791666666666668,71/72,60.7712402401911,42.119631958584534,17.011904761904766,22/23,59.33555802502924,38.99385102835254,20.661257816257816,158/169,58.23041666666666,36.70916666666666,,4/4,59.48407421996577,37.32371955726735,,3/3,62.83293027651361,43.89287002019145,19.26388888888889,14/15
2022,61.635159282921386,43.06626256406429,25.996212121212128,29/31,61.435931842645665,44.70998801117183,17.666666666666668,17/19,58.45897459432517,38.982611523667764,26.885167264199133,73/82,54.910262201662086,36.32202012765739,34.98533594877345,9/13,60.80169449598021,39.460713254998964,,5/5,61.55081776570276,44.46146125116713,17.69473684210526,6/7
2023,62.891264329806,45.431932043650804,20.416666666666668,8/9,65.9023741651998,47.25454173779805,,37/37,61.03527013287527,41.72746405295413,39.40833333333333,70/73,55.065252525252525,33.9907190957191,26.955952380952382,6/8,62.18751409181097,41.42499210858586,,8/8,65.00619805624271,49.13428983714698,23.22889610389611,11/12
General,59.4608566200903,,,127/142,63.01797496994064,,,148/153,58.8282627600052,,,481/530,56.92436354536057,,,58/68,62.4311177927995,,,51/52,62.94139122264643,,,59/65
