year,Cleaniness,Cleaniness_POS,Cleaniness_NEG,CleaninessNumbers,Amenities,Amenities_POS,Amenities_NEG,AmenitiesNumbers,Services,Services_POS,Services_NEG,ServicesNumbers,Value,Value_POS,Value_NEG,ValueNumbers,Location,Location_POS,Location_NEG,LocationNumbers,General,General_POS,General_NEG,GeneralNumbers
2018,46.0297619047619,18.51190476190476,,1/1,0,0,0,0/0,0,0,0,0/0,0,0,0,0/0,0,0,0,0/0,0,0,0,0/0
2019,61.01538461538462,37.56923076923077,,1/1,66.06723941263415,47.49377450035345,,2/2,67.19773929773929,50.4997594997595,,4/4,0,0,0,0/0,50.34516277373421,32.1941391941392,23.2984126984127,1/2,59.97435897435897,40.35897435897436,,1/1
2020,63.85360683760683,47.531301044634375,32.666666666666664,9/10,67.00117264077348,49.68369677163795,,17/17,64.59350613326309,48.4042288976485,31.993121693121694,44/47,51.97074715408049,30.19662337662338,21.625771604938276,5/7,63.37312641759233,43.16259395202534,,14/14,62.044154060225495,42.472561961847674,,13/13
2021,51.98838141025641,37.375,27.895833333333336,2/4,65.58457375957376,46.49042624042624,,5/5,60.103953825650954,41.29327576443328,22.29476811768479,78/89,54.09839489214489,30.898687423687427,31.25,5/6,58.90714285714286,37.18308270676692,,2/2,54.641801587301586,34.57678571428571,36.74074074074075,2/5
2022,52.726081389657445,37.26587099178198,31.96727763832806,20/37,65.05446734776474,47.46504737155622,45.76785714285714,67/69,63.83760003690419,46.67141413465504,29.49164295002837,225/245,54.65488154097221,34.790383016741714,30.90977182539683,24/33,64.5381737012987,46.89465156300616,22.843750000000004,28/29,59.26530205810088,43.790709203596144,31.667227418745277,43/57
2023,59.51149725906136,37.28754948071164,,17/17,65.72662263321496,48.17572961606766,20.91111111111111,55/56,63.75402774089264,46.60213583394625,29.49422075481104,140/152,60.570543831168834,43.276695526695526,43.62847222222222,8/10,64.75906753629968,45.8993989976388,,28/28,63.11807477410156,43.42714512440456,46.766666666666666,36/37
General,55.9442172194087,,,50/70,65.56057984545029,,,146/149,63.286334937792304,,,491/537,55.31610943920006,,,42/56,63.874524126161326,,,73/75,60.648215519002704,,,95/113
