year,Cleaniness,Cleaniness_POS,Cleaniness_NEG,CleaninessNumbers,Amenities,Amenities_POS,Amenities_NEG,AmenitiesNumbers,Services,Services_POS,Services_NEG,ServicesNumbers,Value,Value_POS,Value_NEG,ValueNumbers,Location,Location_POS,Location_NEG,LocationNumbers,General,General_POS,General_NEG,GeneralNumbers
2019,0,0,0,0/0,65.39589616402118,46.51054894179895,,10/10,64.12954688967338,42.90315073209419,,8/8,61.56656866525289,39.700292397660824,,2/2,64.7727509469697,47.80686553030303,,4/4,74.3138888888889,59.49722222222222,,2/2
2020,61.334573412698404,39.832638888888894,,3/3,64.48011837082507,46.62499615202632,21.15625,51/54,61.51657199015068,42.282040477110044,24.359803391053394,77/83,59.35015178949838,40.2134065009065,20.5390625,9/11,62.858821376485075,42.157564090451004,,14/14,61.70128788107889,42.319838724963674,36.27777777777777,14/15
2021,56.079981884057965,36.856159420289856,39.0,1/2,64.32211207181908,45.14874627858064,,36/36,59.96620358452992,40.705858730358464,25.794301616750595,89/96,62.94364936248261,45.00896508670945,24.852380952380955,13/14,62.49821195144723,41.13176237161531,,4/4,63.017685853543696,45.62661883663722,35.2,8/9
2022,0,0,0,0/0,66.17185571674402,49.25954112670465,23.93939393939394,113/117,61.84558387934654,42.81165318480316,27.35361467762036,130/138,58.87477883684585,37.55916613829493,25.05220057720058,27/29,64.66454347941396,47.22935516054389,30.666666666666664,23/24,63.67977872159594,44.572615010994966,22.41180555555556,35/37
2023,56.389449112978525,36.576657329598504,100.0,4/5,66.65021007268837,49.2277542119942,22.4,63/64,62.730999574262306,43.699562521070504,23.855556382275136,111/117,59.62518618174103,38.53228625240379,28.49652777777778,21/23,63.412775738467566,43.652864357903,,21/21,66.67479883033619,48.777991426900726,25.604256854256853,46/48
General,57.811092957110375,,,8/10,65.69111014861693,,,273/281,61.65132334831058,,,415/442,59.94865527263693,,,72/79,63.77201022206289,,,66/67,64.84548130838776,,,105/111
